First Name,Last Name,Email,Phone Number
James,Lincoln,Joseph@Wood.com,8460697537
Monika,Moore,Sharon@Smart.com,8649790328
Edward,Day,Bobby@Smith.com,4573167632
Keith,,Lindsay@Miller.com,3791004358
Deborah,Tarver,Norma@Pierce.com,8805585648
Robin,Matteo,Leslie@Conn.com,2211685774
Catherine,Sevilla,,6590576888
Deanna,Keylon,,1626818250
Gary,Guzman,,1357444971
,Hickman,Anne@Owen.com,6676729401
Mary,,Eric@Ashley.com,1949041289
Billy,Mcfarlane,Jessica@Anderson.com,4587702978
Thomas,Auger,Frederick@Bayly.com,1487887337
William,Cooper,Joseph@Lovely.com,9549703515
Karen,Johnson,Douglas@Allen.com,2190581444
Donna,Rayo,Nicholas@Walker.com,3202810649
Alex,Wien,Leann@Johnson.com,6348775780
Katharine,Rogers,Richard@Moore.com,9778438225
Arthur,Culver,Kenneth@Hawkins.com,8342215081
Dawn,Ogren,Kenneth@Vanderschel.com,9028175719
Margaret,Lewis,Terri@Murillo.com,9937224679
Nona,Nave,,7396476612
,Drake,Lena@Johnson.com,1564359480
Alexandra,Bly,Whitney@Hess.com,7581347854
,Ashworth,Rafael@Wolcott.com,2655562562
Rosalind,Aden,,
Jenifer,Vincent,Diane@Davis.com,4576714428
Joel,Vanderploeg,Mary@Goodhart.com,4549483084
,Washington,Jewel@Vazquez.com,7983522544
Margaret,Bertran,Roberta@Nisbett.com,8937952255
Hong,Sealock,Larry@Erkkila.com,9034542679
Joan,Clure,Bernice@Dunbar.com,
,Inman,Ashley@Chadwell.com,9432497976
,Petrowski,,5428424262
Arthur,Wren,Melvin@Burns.com,3910043527
Barbara,Mattos,Scott@Blackburn.com,5983771979
Robert,Mullins,Elizabeth@Boyd.com,3164201822
Alisha,,Kenneth@Farnam.com,4894702331
Amber,Jimenez,Marcia@Guidry.com,9203553006
Diana,Lee,Kimberley@Castle.com,
Lonny,Williamson,Joshua@Eller.com,
Marshall,,Alan@Flint.com,4004587883
Doris,Jennings,Sam@Wentz.com,7764302514
Linda,Hecker,Geraldine@Mitchem.com,6722399802
Jeannette,Taylor,Cody@Maxey.com,7883618335
John,Zamorano,Robert@Turner.com,2926306036
Mark,Williams,Anne@Baker.com,2347331606
Oliver,Vandesande,,8305334575
Mitchell,Caravella,Geoffrey@Schmitmeyer.com,7055522371
Michael,Baker,Ana@Clower.com,8945811582
Verna,,,4532731944
Gary,Jones,Guadalupe@Fischer.com,1457248546
Janet,Hulse,Leah@Taylor.com,5825972536
Donna,Bassford,Renato@Groce.com,5416520343
Maria,Miller,Sonja@Cunningham.com,4197012942
Gerald,Whiteside,Janie@Crocker.com,
Doris,Kershaw,Doris@Williams.com,1786876882
Judy,Gustafson,,1633669372
Robert,Thurston,Richard@Medley.com,6483497395
Jill,Henry,Elisa@Daniel.com,1493746117
Scott,Pearson,Luis@Galloway.com,2158615098
Margaret,Disla,Katherine@Papay.com,8273354032
,Alden,John@Norrington.com,6525773715
Melanie,Furrer,John@Brink.com,7079984230
Clyde,Pounds,Maria@Lee.com,4354181763
,Khim,James@Dukes.com,3976068897
Kelly,Struck,Deborah@Ellingham.com,7302169050
Amanda,Irizarry,Jean@Bates.com,8609518529
Charles,,Luther@Price.com,7603278153
Bessie,Perkins,Roberta@Carter.com,4819360195
Gerald,Bills,Oralia@Ard.com,7719249061
Maryann,Lyons,Arthur@Witmer.com,2502807559
Eugene,,Emma@Rodriguez.com,1054659597
Brian,Schmidt,John@Lingberg.com,4505595347
Ethel,Moreno,Shirley@Clemons.com,2794266867
,Viloria,Deborah@Bilger.com,1757470548
Neil,Feller,,3416566355
Kareem,Place,Jose@Thal.com,1703503124
John,Hernadez,Paul@Taylor.com,
Rebecca,Warren,William@Webber.com,4372607596
Dewey,Valadez,,9341803430
,Franklin,Robert@Turner.com,8070072199
,Martin,Jean@Babb.com,3737286995
Eugene,Tanner,,8211466427
Timothy,,Florence@Sherwood.com,6095553195
Alonzo,Clark,Chester@Davis.com,5349482095
Earl,Anderson,Kevin@Finchum.com,9723282340
Jacinda,Lester,Michelle@Mcinnis.com,4701551309
Charles,Daniel,Frances@Canta.com,7722529498
Kelley,Grant,Luvenia@Farrell.com,5057122175
,Hines,Sheryl@Williams.com,5681488595
Roger,Thorne,Jason@Soto.com,3137052711
Belinda,Jackson,Herbert@White.com,2592655180
Michael,Wilson,Lisa@Johnson.com,7990501743
Thomas,Montgomery,Michael@Jendras.com,5307665014
Raymundo,Broussard,Brian@Hughes.com,2246580965
Mike,,Ricky@Simpson.com,9004077327
Robert,Horne,Kevin@Simmons.com,3504906640
Kimberlee,Davis,Albert@Bryant.com,8551706559
William,Neill,Lucas@Ritchie.com,5124844489
Marsha,Jackson,Derrick@Smith.com,7618479940
Michael,Givens,Raymond@Augusto.com,9318410384
Mark,Gardiner,Calvin@Shawl.com,8497918608
,Williams,,6871490253
John,Jaudon,Christina@Geffre.com,7281202773
Rita,,Linda@Sims.com,6636623051
,,Melissa@Erickson.com,5362332251
William,Tart,William@Evans.com,7880570411
Mollie,Boschert,George@Waggner.com,9759644564
Kelly,Ketcher,Marshall@Guerrero.com,6486686008
Carolyn,Vandis,Orpha@Meza.com,9653303520
Israel,Justice,Thomas@Carter.com,
Regina,Derrick,James@Allen.com,5394363521
Kristin,Jones,James@Mcconnell.com,4075633985
Michael,Grey,Alexander@Ayers.com,9697467806
Juanita,Sanders,,9594770715
Wilfred,Beck,Claire@Ford.com,4611437619
Stephanie,,James@Hanson.com,
Thomas,Larosa,Lucas@Beavers.com,7361337208
David,Woolcott,Brittni@Matthews.com,8249241541
,Mcclain,Lottie@Meyer.com,9637270666
Patricia,Baker,David@Falgout.com,1077833271
Tracie,Scott,Billy@Manalo.com,3039724769
Al,Louis,Josephine@Littleton.com,7468220800
William,Soo,Todd@Jones.com,
Tom,Blake,Mary@Armstrong.com,3275105573
Mui,Johnson,Arthur@Murphy.com,9059770240
Warren,Duppstadt,Jermaine@Espinoza.com,7368073284
Salvador,Steckler,Lance@Gracely.com,6055129398
Sue,Guzman,,2438726524
Vicki,Link,Patricia@Maroney.com,7072339929
Vernon,,Haley@Mattice.com,8286037588
Maurice,Sloan,Marie@Gaines.com,8664103592
Austin,Mitchell,Roberta@Castanada.com,
Kirk,Reece,Donald@James.com,
Timothy,Aten,Melanie@Davis.com,6872079194
,Swanson,Joyce@Plowman.com,4171375188
Sally,,Emily@Freeman.com,4068086971
Robert,Delgado,Gary@Rutkowski.com,8237153492
James,Tyler,Charles@Hickey.com,
Julie,Ramey,Ann@Castillo.com,4659471076
Jose,Furr,Odessa@Jones.com,5742358395
Sylvia,Iverson,Joesph@Morrow.com,8063539549
Jeanine,Cross,Robert@Pierce.com,6563205134
,Karnes,John@Kittrell.com,6838787890
Dina,,Scott@Griffin.com,1205521584
Crystal,Bouchard,Sandy@Kuhn.com,4677489056
Helen,Foote,Frances@Rawson.com,3836493668
James,,Shay@Keegan.com,2290968649
,Morris,Deborah@Reynolds.com,7921479170
Jo,Wheeler,Christine@Beall.com,6772943407
Lola,,Gregory@Gartin.com,3032589207
Jonathan,Smith,Dennis@Rebman.com,7239644676
Brian,Rollin,Paula@Marquez.com,9327122730
George,Gibson,Victoria@Lauria.com,7268352468
Lynn,Seymer,Ann@Lee.com,9151711072
Marcus,,Carrie@Pendleton.com,5053928652
Melissa,Stapleton,Hattie@Richter.com,
Helen,Davis,Joshua@Shoemaker.com,9717008663
Richard,Wasmund,May@Westrick.com,6035707218
Stephanie,Putnam,Cameron@Roberts.com,5921486455
Holly,Baham,Olga@Weiss.com,1669799476
Scott,Gagne,Lynn@Corsaut.com,9701939690
John,Moore,Antonietta@Rufi.com,8520293109
Melany,,Vanessa@Colbert.com,3044081991
Susan,Gonzalez,Kathleen@Bonds.com,1739156347
,Dorich,David@Messer.com,3154337452
,Farley,Adam@Hollan.com,6720374938
Wendy,Myers,Jack@Mcelderry.com,8726101613
Herman,Williams,,8237639111
Mary,Cantrell,Christopher@Nelson.com,3207074366
Aurora,Leneave,Ann@Shaffer.com,4008604081
Mary,Varney,Loren@Whitmore.com,3928343076
Angela,Sindelar,Nancy@Rymer.com,1401435782
Mark,Wilson,Laci@Gamble.com,8412069595
Richard,Bourdier,Alan@Romer.com,5787240237
Danny,Knudsen,Stephen@Bennett.com,4271479741
Christine,Williford,,3336342382
,,Jenette@Whitefield.com,4285022201
Jarod,Deering,Theodore@Waugh.com,9493312108
,Harris,Mary@Clark.com,9838266321
Ralph,Blodgett,Roger@Clark.com,
Ann,Cluck,Allen@Janek.com,3720253844
Marcelle,Shockley,Sergio@Pearson.com,7212145792
Bernard,Waddle,,4972943200
Stella,Flanigan,Margie@Peters.com,6957171827
Linwood,Dingmann,Doug@Bermeo.com,7696136600
,,Francisco@Cruz.com,3874118243
Georgette,Ahlstrom,Melissa@Moser.com,
Linda,Begay,Ronald@Martin.com,5350122269
Helen,Scott,Mario@Spencer.com,4567868672
Patty,Lough,Karen@Gainey.com,1393525209
Ingrid,Brown,Vanessa@Hawkins.com,4555803185
,Lunt,Frank@Davis.com,1413850778
,Armstrong,Raymundo@Hanson.com,6109067370
Justina,Graham,Lynn@Elliott.com,8691779820
Michael,Martinez,Theresa@Laws.com,6244989391
Thomas,Peckenpaugh,Teresa@Copeland.com,4247667742
Barry,Leatherman,Socorro@Massa.com,5036266488
Maria,Law,Lavina@Lowery.com,
